step,episode,episode_return,episode_length,wall_clock_s
200,1,-876.4881863109667,200,0.01
400,2,-1450.2715778873905,200,0.016
600,3,-1046.7649253615843,200,0.023
800,4,-1196.8423191707593,200,0.029
1000,5,-766.2564809341259,200,0.177
1200,6,-959.1944441492254,200,2.958
1400,7,-1303.4348452596168,200,5.912
1600,8,-1396.5895902415239,200,8.33
1800,9,-1657.8568477515694,200,10.845
2000,10,-1620.3431248682957,200,13.652
2200,11,-1400.8822287588177,200,16.468
2400,12,-1133.7089122072812,200,20.499
2600,13,-1554.6391132976012,200,23.279
2800,14,-914.1709373081206,200,25.79
3000,15,-1173.1131368841136,200,28.079
3200,16,-792.472917119446,200,30.139
3400,17,-385.59059263618275,200,32.474
3600,18,-127.0689718019864,200,34.85
3800,19,-552.923635546323,200,36.949
4000,20,-129.1943759235566,200,39.125
4200,21,-125.70902942128127,200,41.213
4400,22,-129.22842718084834,200,43.271
4600,23,-246.51187290235896,200,45.367
4800,24,-0.934479074984627,200,47.473
5000,25,-254.34699255351555,200,49.588
5200,26,-122.794432804484,200,51.663
5400,27,-127.27443109851039,200,54.167
5600,28,-116.64259363691423,200,56.245
5800,29,-240.60804861298672,200,58.112
6000,30,-239.810508106209,200,60.017
6200,31,-117.51898350498693,200,61.903
6400,32,-123.60157755090412,200,63.787
6600,33,-125.22719745214081,200,65.901
6800,34,-121.58739732386317,200,67.943
7000,35,-115.09979379166181,200,69.919
7200,36,-243.45645163737908,200,71.906
7400,37,-238.25775165640314,200,73.848
7600,38,-3.3824959929855183,200,75.826
7800,39,-121.77988430299436,200,77.824
8000,40,-114.67725871808942,200,79.946
8200,41,-123.34891609280535,200,82.632
8400,42,-119.27396015326387,200,85.22
8600,43,-126.18645230769206,200,87.753
8800,44,-123.9062752349796,200,90.033
9000,45,-124.56715715305988,200,92.121
9200,46,-121.86724792858571,200,94.426
9400,47,-125.33634087817282,200,96.604
9600,48,-117.99677004315457,200,99.08
9800,49,-235.23894500587085,200,102.228
10000,50,-127.39726551929445,200,105.089
10200,51,-124.07942562473708,200,107.746
10400,52,-238.27568207372425,200,110.284
10600,53,-119.12924476610945,200,113.394
10800,54,-1.444613784938751,200,115.962
11000,55,-344.29278003628144,200,118.682
11200,56,-117.1274788961859,200,121.459
11400,57,-119.84421266041997,200,124.287
11600,58,-121.19565946082685,200,127.114
11800,59,-387.83565585865455,200,129.128
12000,60,-123.18751122736775,200,131.118
12200,61,-125.19301537122207,200,133.064
12400,62,-119.12192228806774,200,135.086
12600,63,-3.2067785846180277,200,137.035
12800,64,-228.34686751768226,200,139.083
13000,65,-118.8759582300468,200,140.984
13200,66,-120.72552764300481,200,142.986
13400,67,-232.0458839004752,200,144.983
13600,68,-115.79278553749887,200,146.965
13800,69,-124.43852240558208,200,149.107
14000,70,-119.94538038988902,200,151.526
14200,71,-234.04693257092697,200,153.841
14400,72,-114.85672379248003,200,156.229
14600,73,-1.3014435689594823,200,158.642
14800,74,-121.73704446512095,200,161.051
15000,75,-1.4180079017462406,200,163.791
15200,76,-332.64010005829476,200,166.034
15400,77,-121.78809211385978,200,169.083
15600,78,-235.47631454092968,200,172.121
15800,79,-116.6679234977144,200,174.916
16000,80,-119.9039923325176,200,178.147
16200,81,-128.1510136024108,200,180.911
16400,82,-123.2843186980957,200,184.091
16600,83,-1.364575969452589,200,186.8
16800,84,-128.7465144919516,200,189.742
17000,85,-121.17821261166638,200,193.166
17200,86,-118.66753232033301,200,196.037
17400,87,-124.68917896515386,200,198.969
17600,88,-126.66789222204783,200,202.413
17800,89,-365.2875281459715,200,205.327
18000,90,-323.70408708403664,200,207.968
18200,91,-122.59965084899886,200,211.451
18400,92,-125.11325532911313,200,214.93
18600,93,-360.7524351765477,200,218.201
18800,94,-343.72670459335876,200,220.719
19000,95,-242.622248033554,200,224.008
19200,96,-120.19665912895843,200,226.281
19400,97,-127.49411016996204,200,228.445
19600,98,-241.41445843214737,200,230.523
19800,99,-126.5323463338095,200,232.624
20000,100,-231.61431686893138,200,234.867
20200,101,-5.316646284249286,200,237.509
20400,102,-119.81690522747985,200,240.187
20600,103,-233.67663604773585,200,243.224
20800,104,-128.17569630410057,200,245.786
21000,105,-121.67965016137902,200,248.213
21200,106,-265.24400372332343,200,250.535
21400,107,-5.2059475735582,200,253.056
21600,108,-3.910626734804948,200,255.538
21800,109,-230.73651562608163,200,258.022
22000,110,-123.80795354603339,200,260.409
22200,111,-128.40694489536716,200,262.274
22400,112,-247.6839339654475,200,264.185
22600,113,-237.96681734691077,200,266.067
22800,114,-119.06808534485303,200,267.903
23000,115,-230.9363037566905,200,269.986
23200,116,-118.78080698241021,200,272.06
23400,117,-5.128244806070684,200,274.072
23600,118,-230.05899907786306,200,276.066
23800,119,-121.17870570288173,200,278.091
24000,120,-271.0069840138176,200,280.094
24200,121,-229.60266525990875,200,282.153
24400,122,-236.0882410290032,200,284.181
24600,123,-117.2691265938596,200,286.247
24800,124,-117.56064931022478,200,288.245
25000,125,-117.2182732956925,200,290.169
25200,126,-129.44134816479257,200,292.093
25400,127,-3.8971498096011046,200,294.079
25600,128,-120.44206781623946,200,296.063
25800,129,-224.86590047104303,200,298.103
26000,130,-120.08612182028529,200,300.122
26200,131,-2.2353206441533167,200,302.68
26400,132,-121.68112530772358,200,305.017
26600,133,-125.34179022688862,200,307.811
26800,134,-257.6421530568118,200,310.785
27000,135,-118.5624831998367,200,313.781
27200,136,-227.42221016643202,200,316.972
27400,137,-122.672603996951,200,319.644
27600,138,-125.41263811767269,200,322.329
27800,139,-231.7851663474902,200,325.227
28000,140,-225.98586090201545,200,328.156
28200,141,-130.21448432949592,200,331.21
28400,142,-125.46277680693677,200,334.11
28600,143,-317.2845831417111,200,337.681
28800,144,-114.15026475093501,200,341.002
29000,145,-121.84765843068499,200,344.84
29200,146,-113.33545881638942,200,348.035
29400,147,-274.1479691458915,200,350.621
29600,148,-122.24465074437829,200,352.764
29800,149,-123.0781062491426,200,355.177
30000,150,-227.80809648188335,200,357.19
30200,151,-119.07036579721496,200,359.143
30400,152,-2.011092368288898,200,361.228
30600,153,-127.75919211026343,200,363.347
30800,154,-241.72085318207405,200,365.33
31000,155,-123.79089732426768,200,367.361
31200,156,-124.13093234135285,200,369.397
31400,157,-126.60790733014802,200,371.53
31600,158,-14.06353863621126,200,373.564
31800,159,-133.09530766806446,200,375.586
32000,160,-235.3312505147988,200,377.696
32200,161,-114.30274874333675,200,380.023
32400,162,-315.77577977375245,200,382.063
32600,163,-124.27286673955933,200,383.982
32800,164,-124.51965497487073,200,385.884
33000,165,-226.2643370444134,200,387.786
33200,166,-118.53426183126199,200,390.044
33400,167,-119.16362741631274,200,392.259
33600,168,-120.55060411850509,200,394.576
33800,169,-121.27078476402754,200,397.035
34000,170,-114.52007546187718,200,400.08
34200,171,-118.41459730258069,200,402.481
34400,172,-114.7916256188244,200,404.727
34600,173,-0.3736968619089534,200,407.085
34800,174,-0.6050766700473531,200,409.516
35000,175,-118.30368678026188,200,411.943
35200,176,-120.1621579123155,200,414.345
35400,177,-0.4603796002200836,200,416.74
35600,178,-117.04958349307073,200,418.927
35800,179,-124.00329223472843,200,420.934
36000,180,-0.5875395288474573,200,422.884
36200,181,-124.67538034879603,200,424.86
36400,182,-115.10389664797493,200,426.798
36600,183,-229.43549325962022,200,428.667
36800,184,-117.95764074352094,200,430.537
37000,185,-1.8311160203834493,200,432.541
37200,186,-124.09837872973671,200,434.417
37400,187,-115.45031802475361,200,436.415
37600,188,-0.9700059240708214,200,438.482
37800,189,-244.57643875312726,200,440.459
38000,190,-119.292526355439,200,442.396
38200,191,-125.07041249896403,200,444.293
38400,192,-113.4516668490952,200,446.181
38600,193,-116.42504164570471,200,448.072
38800,194,-125.43671308218148,200,450.139
39000,195,-115.80648474508104,200,452.343
39200,196,-0.5917953993949223,200,454.538
39400,197,-127.62495362958356,200,456.606
39600,198,-125.30128357605798,200,458.791
39800,199,-117.28104088774207,200,460.999
40000,200,-117.40643355933425,200,463.219
40200,201,-223.6342523204321,200,466.034
40400,202,-124.21199783111946,200,468.207
40600,203,-120.54800725091026,200,470.363
40800,204,-122.28645876192581,200,472.691
41000,205,-126.03459567150686,200,474.938
41200,206,-318.3352178674268,200,477.373
41400,207,-128.86927628302575,200,479.708
41600,208,-227.68885521527264,200,482.01
41800,209,-345.6242334872881,200,484.253
42000,210,-237.89482018337776,200,486.731
42200,211,-121.4881896675278,200,489.123
42400,212,-129.8368928895233,200,492.427
42600,213,-121.16856766491077,200,494.779
42800,214,-117.02666394719762,200,497.178
43000,215,-0.7001885493368835,200,499.317
43200,216,-117.7301904200002,200,501.35
43400,217,-0.7784539586150934,200,503.322
43600,218,-123.12260281151218,200,505.356
43800,219,-234.39770102879754,200,507.28
44000,220,-229.53013451066147,200,509.391
44200,221,-228.11660636087697,200,511.368
44400,222,-2.0698881581988164,200,513.369
44600,223,-120.71082056874243,200,515.372
44800,224,-2.2178552790064527,200,517.273
45000,225,-233.94834604419603,200,519.194
45200,226,-124.54872778123479,200,521.162
45400,227,-122.63451744392533,200,523.166
45600,228,-120.89750535925637,200,525.19
45800,229,-127.41924180119341,200,527.17
46000,230,-333.0219800321377,200,529.124
46200,231,-121.0977370416801,200,531.137
46400,232,-121.03200138676578,200,533.153
46600,233,-118.73383419414579,200,535.083
46800,234,-229.87241012986092,200,537.048
47000,235,-119.36451679805009,200,539.059
47200,236,-118.634361691103,200,541.071
47400,237,-124.17009958772488,200,543.182
47600,238,-225.16132203323997,200,545.231
47800,239,-243.76217563184426,200,547.141
48000,240,-126.09018247935221,200,549.137
48200,241,-231.08159915578332,200,551.092
48400,242,-116.6598274909907,200,553.103
48600,243,-120.04737665876114,200,555.096
48800,244,-227.61047252923237,200,557.313
49000,245,-121.87070038912638,200,559.332
49200,246,-126.79055916626672,200,561.282
49400,247,-117.24284981622557,200,563.26
49600,248,-114.76417919626367,200,565.279
49800,249,-234.96995400062323,200,567.24
50000,250,-115.78660554069866,200,569.319
50200,251,-126.14165555862215,200,571.337
50400,252,-120.90673836571729,200,573.313
50600,253,-231.37054061238203,200,575.74
50800,254,-119.00135854288006,200,577.767
51000,255,-125.08362432906308,200,579.923
51200,256,-124.90601891397709,200,582.03
51400,257,-119.0685963480845,200,584.197
51600,258,-121.01592346731526,200,586.314
51800,259,-226.2896766771235,200,588.372
52000,260,-127.57059617222743,200,590.329
52200,261,-0.9852720616575443,200,592.295
52400,262,-226.71961522063336,200,594.29
52600,263,-1.0631537753653446,200,596.276
52800,264,-126.36016512387168,200,598.294
53000,265,-129.8897854469289,200,600.397
53200,266,-122.42420769881453,200,602.498
53400,267,-121.61239692641406,200,604.419
53600,268,-123.30799143264747,200,606.457
53800,269,-221.5845143352571,200,608.477
54000,270,-250.96046256073674,200,610.386
54200,271,-226.18442108152936,200,612.37
54400,272,-119.46758668823675,200,614.518
54600,273,-120.18164304203461,200,616.603
54800,274,-117.35191612878249,200,618.73
55000,275,-114.74453377969377,200,620.691
55200,276,-227.1894226636064,200,622.622
55400,277,-120.44107743223158,200,624.617
55600,278,-121.02698484847214,200,626.566
55800,279,-123.87068858082858,200,629.197
56000,280,-113.89358222999259,200,632.264
56200,281,-228.74214326267395,200,634.782
56400,282,-242.7804455476758,200,637.175
56600,283,-0.9753399019707919,200,639.707
56800,284,-1.099658340635229,200,642.049
57000,285,-0.8781742933083573,200,644.566
57200,286,-2.339136457469882,200,646.902
57400,287,-126.15949390881164,200,649.231
57600,288,-241.4138546934906,200,652.014
57800,289,-121.65722234150925,200,654.424
58000,290,-118.07770336982327,200,656.776
58200,291,-1.5463133511886342,200,659.091
58400,292,-223.8313947944245,200,661.595
58600,293,-122.91280226998887,200,664.044
58800,294,-117.55734724184028,200,666.298
59000,295,-235.24930820822976,200,669.205
59200,296,-370.4802693994989,200,671.742
59400,297,-0.888905443130987,200,674.473
59600,298,-119.15813726702449,200,677.272
59800,299,-123.77143198263137,200,679.945
60000,300,-124.15275062844934,200,682.779
60200,301,-114.77470914571094,200,685.395
60400,302,-115.0751752405622,200,687.905
60600,303,-115.45188016212455,200,690.318
60800,304,-124.03927523836398,200,692.763
61000,305,-124.61807566221854,200,695.475
61200,306,-128.66757449731213,200,698.212
61400,307,-222.97416659280503,200,700.746
61600,308,-232.89035764574828,200,703.762
61800,309,-1.0205912182555215,200,706.695
62000,310,-231.9885248778396,200,710.064
62200,311,-229.55148595190374,200,712.692
62400,312,-340.26998269014086,200,715.906
62600,313,-119.66754707791154,200,718.069
62800,314,-115.1768646859357,200,719.982
63000,315,-124.92507152721441,200,721.89
63200,316,-117.22125087972469,200,724.649
63400,317,-0.9853366891943989,200,727.003
63600,318,-127.29455252591933,200,729.598
63800,319,-116.8549149726303,200,732.118
64000,320,-231.91436934113563,200,734.117
64200,321,-114.13353863704577,200,735.966
64400,322,-1.003330614232669,200,737.844
64600,323,-130.18616938589938,200,739.752
64800,324,-229.86503131387886,200,741.62
65000,325,-114.49491225556605,200,743.515
65200,326,-250.25697871763623,200,745.391
65400,327,-115.88030893222957,200,747.291
65600,328,-2.041785757116035,200,749.34
65800,329,-119.2155347783808,200,751.346
66000,330,-122.25652254151872,200,753.413
66200,331,-124.17812598712989,200,755.468
66400,332,-243.1373570895114,200,757.539
66600,333,-115.74488922887957,200,759.529
66800,334,-116.56670672129356,200,761.495
67000,335,-242.28009044963733,200,763.5
67200,336,-121.55688682565096,200,765.636
67400,337,-228.56837863404868,200,767.612
67600,338,-124.47230057147769,200,769.696
67800,339,-126.7940392559135,200,771.941
68000,340,-3.0004908067437848,200,773.983
68200,341,-114.67985619250888,200,776.111
68400,342,-2.361212831050154,200,778.271
68600,343,-128.15924118118394,200,780.306
68800,344,-124.87263742177453,200,782.432
69000,345,-119.48148445982379,200,784.522
69200,346,-118.77929864595683,200,786.691
69400,347,-118.95675169568923,200,788.827
69600,348,-253.8839749786618,200,791.712
69800,349,-128.1118151701305,200,794.259
70000,350,-124.96249254878674,200,796.77
70200,351,-250.43831484450175,200,799.215
70400,352,-122.31967417474691,200,801.309
70600,353,-224.85666256720847,200,803.403
70800,354,-251.84916182402318,200,805.573
71000,355,-122.29531697879356,200,807.647
71200,356,-118.93060725295389,200,809.544
71400,357,-120.34293342593956,200,811.547
71600,358,-119.88708549855428,200,814.671
71800,359,-113.61143114355619,200,816.627
72000,360,-223.21771029457284,200,818.551
72200,361,-1.9290625484940198,200,820.527
72400,362,-229.75389909497972,200,822.564
72600,363,-119.96144817786688,200,824.474
72800,364,-226.81129388774465,200,826.437
73000,365,-117.70593111976221,200,828.284
73200,366,-119.43099338793931,200,830.149
73400,367,-118.96782858498355,200,832.067
73600,368,-124.22176422060205,200,834.216
73800,369,-128.72400604734767,200,836.311
74000,370,-2.5693164517509914,200,838.182
74200,371,-3.8254074166852567,200,840.072
74400,372,-126.47438588368209,200,841.942
74600,373,-229.77287157812304,200,843.818
74800,374,-121.32264298513047,200,845.75
75000,375,-224.9112440126484,200,847.82
75200,376,-118.73353432217226,200,849.933
75400,377,-120.02244332643602,200,851.907
75600,378,-244.81228605065155,200,854.261
75800,379,-120.49720826520382,200,856.961
76000,380,-116.22916098732317,200,860.346
76200,381,-118.37144364496417,200,863.133
76400,382,-2.22479891679306,200,865.967
76600,383,-227.66007877769414,200,868.526
76800,384,-224.1459599887067,200,871.2
77000,385,-260.4859009499961,200,873.552
77200,386,-120.63302359361482,200,875.852
77400,387,-245.84404497633955,200,878.058
77600,388,-343.6989171402015,200,880.365
77800,389,-228.4164806417472,200,882.621
78000,390,-128.35121358862727,200,885.01
78200,391,-121.36024098811507,200,887.42
78400,392,-122.6367914441598,200,889.811
78600,393,-117.97453424568599,200,892.188
78800,394,-119.87513336137287,200,894.396
79000,395,-126.03591290789781,200,896.758
79200,396,-3.629715528176053,200,898.851
79400,397,-120.43315911906353,200,901.135
79600,398,-231.5099524281277,200,903.139
79800,399,-246.40287797645212,200,905.294
80000,400,-227.50646728680596,200,907.464
80200,401,-350.7054029530117,200,909.717
80400,402,-127.79834904018621,200,911.894
80600,403,-0.3380192992828416,200,913.711
80800,404,-225.50229907207532,200,915.543
81000,405,-2.026695213173561,200,917.971
81200,406,-117.4147450921081,200,920.111
81400,407,-309.1891677141941,200,922.242
81600,408,-127.38424556551827,200,924.353
81800,409,-234.91370738572581,200,926.515
82000,410,-122.84892410031252,200,928.688
82200,411,-237.20702354211366,200,930.888
82400,412,-129.7042677767669,200,933.063
82600,413,-121.69798422936017,200,935.302
82800,414,-122.993418791666,200,937.499
83000,415,-356.17352386126834,200,939.788
83200,416,-118.43348930151028,200,941.952
83400,417,-119.26937568905386,200,944.34
83600,418,-116.71806264130831,200,946.762
83800,419,-127.91687360079983,200,948.9
84000,420,-115.12708801676445,200,951.189
84200,421,-227.08527257106587,200,953.433
84400,422,-0.3312936327204987,200,955.794
84600,423,-120.9168847142333,200,957.937
84800,424,-237.11436206791234,200,959.837
85000,425,-126.01875195554669,200,961.808
85200,426,-231.82724203963065,200,963.715
85400,427,-117.54570023675554,200,965.577
85600,428,-116.66080399464794,200,967.445
85800,429,-124.56822572397411,200,969.466
86000,430,-126.71162835140524,200,971.541
86200,431,-116.633710637808,200,973.474
86400,432,-122.81678783155728,200,975.306
86600,433,-1.5157218613281773,200,977.214
86800,434,-123.46938220757225,200,979.111
87000,435,-229.22814054290288,200,980.95
87200,436,-249.26695789282456,200,982.823
87400,437,-115.99862811314468,200,984.72
87600,438,-125.85717965310474,200,986.598
87800,439,-120.7380241480224,200,988.546
88000,440,-125.91132966252898,200,990.678
88200,441,-116.85575602702438,200,992.785
88400,442,-1.399623159592739,200,995.219
88600,443,-222.81978680014132,200,998.005
88800,444,-229.14146801919955,200,1000.246
89000,445,-113.49606969065803,200,1002.29
89200,446,-242.84225244723189,200,1004.259
89400,447,-116.89559357820725,200,1006.254
89600,448,-128.27762668691952,200,1008.271
89800,449,-124.1025657918968,200,1010.29
90000,450,-125.95222259990565,200,1012.281
90200,451,-337.6917786766515,200,1014.282
90400,452,-119.13951123297281,200,1016.218
90600,453,-114.99664637849861,200,1018.302
90800,454,-372.57248256240206,200,1020.418
91000,455,-227.55328564179484,200,1022.655
91200,456,-222.53956226148253,200,1024.866
91400,457,-127.4777073540441,200,1027.049
91600,458,-123.35181192432901,200,1029.197
91800,459,-0.4028904458617032,200,1032.123
92000,460,-120.0643587863532,200,1034.269
92200,461,-118.20777871628212,200,1036.411
92400,462,-125.32585917092209,200,1038.466
92600,463,-125.10616618523333,200,1040.737
92800,464,-0.8996741263551206,200,1043.062
93000,465,-126.99220483315396,200,1045.313
93200,466,-226.805718498496,200,1047.502
93400,467,-327.528756347017,200,1049.657
93600,468,-123.29098279733138,200,1051.884
93800,469,-126.73875811526992,200,1054.045
94000,470,-120.13246783502441,200,1056.06
94200,471,-0.7196438138692389,200,1058.297
94400,472,-0.9360910776323076,200,1060.465
94600,473,-226.74539750952084,200,1062.583
94800,474,-232.65994875062836,200,1065.048
95000,475,-125.55160526968655,200,1067.256
95200,476,-115.22413730630578,200,1069.477
95400,477,-119.78385839874896,200,1071.781
95600,478,-117.46291407517685,200,1074.034
95800,479,-0.5141690570117947,200,1076.313
96000,480,-115.14232472227992,200,1078.47
96200,481,-118.17218714679731,200,1080.67
96400,482,-119.79277681846874,200,1082.656
96600,483,-245.84171256621602,200,1084.689
96800,484,-0.43722497064158666,200,1086.968
97000,485,-116.64360811789962,200,1089.043
97200,486,-225.074692145192,200,1091.153
97400,487,-0.617356222379443,200,1093.159
97600,488,-128.49873328839317,200,1095.205
97800,489,-119.39626236862028,200,1097.252
98000,490,-126.1683540741684,200,1099.241
98200,491,-233.97081086923004,200,1101.248
98400,492,-230.615642597598,200,1103.216
98600,493,-123.4473370669947,200,1105.241
98800,494,-117.48909550510545,200,1107.191
99000,495,-118.60692937346163,200,1109.529
99200,496,-0.6057893823879588,200,1111.833
99400,497,-125.67584979954478,200,1114.176
99600,498,-229.31930002336327,200,1116.406
99800,499,-247.83794626107706,200,1118.653
100000,500,-221.92988329774624,200,1120.99
100200,501,-127.77882904678201,200,1123.202
100400,502,-121.80674872596195,200,1125.464
100600,503,-0.9034826358109229,200,1127.799
100800,504,-123.81798991023818,200,1130.046
101000,505,-119.84462037609313,200,1132.294
101200,506,-121.8040209114627,200,1134.641
101400,507,-116.19125725540009,200,1136.924
101600,508,-118.69795293407157,200,1138.999
101800,509,-127.48429382021736,200,1141.056
102000,510,-348.5231266627283,200,1143.069
102200,511,-130.54964341889286,200,1145.117
102400,512,-236.27029481066788,200,1147.133
102600,513,-121.05324175531435,200,1149.131
102800,514,-126.27773701445915,200,1151.137
103000,515,-124.46754972443206,200,1153.181
103200,516,-240.16572552405435,200,1155.157
103400,517,-231.89844175367284,200,1157.122
103600,518,-116.45173899569437,200,1159.099
103800,519,-0.3475373198013478,200,1161.099
104000,520,-117.83940393118897,200,1163.14
104200,521,-1.3157783585152263,200,1165.126
104400,522,-256.5991200558099,200,1167.196
104600,523,-226.54950948016628,200,1169.358
104800,524,-237.32059571788898,200,1171.622
105000,525,-127.40062181230847,200,1173.82
105200,526,-113.49036933658103,200,1175.999
105400,527,-117.72087167616156,200,1178.343
105600,528,-115.59898083489895,200,1180.49
105800,529,-0.31897156068926197,200,1182.661
106000,530,-117.7788378535604,200,1184.804
106200,531,-117.08316428732648,200,1186.986
106400,532,-115.4459304833163,200,1189.148
106600,533,-129.54584896412084,200,1191.328
106800,534,-221.59029811157544,200,1193.572
107000,535,-230.88390025045612,200,1195.838
107200,536,-1.4565833259286534,200,1197.997
107400,537,-114.8923053936572,200,1200.183
107600,538,-0.866114405630776,200,1202.359
107800,539,-125.72760343071087,200,1205.17
108000,540,-0.6466062393020182,200,1207.919
108200,541,-242.07094990216038,200,1211.064
108400,542,-128.30700321776982,200,1214.045
108600,543,-122.74317341458722,200,1217.645
108800,544,-119.06889999475158,200,1220.911
109000,545,-117.43744288031483,200,1223.077
109200,546,-116.87199067029265,200,1225.069
109400,547,-0.7941222173675887,200,1227.237
109600,548,-120.84662239960213,200,1229.494
109800,549,-126.15106178214712,200,1231.602
110000,550,-231.1816594528547,200,1233.846
110200,551,-120.39411477840402,200,1235.955
110400,552,-117.33311676304793,200,1238.08
110600,553,-224.32719258775418,200,1240.286
110800,554,-120.43647726621832,200,1242.315
111000,555,-125.31105256299557,200,1245.083
111200,556,-114.17544467752573,200,1248.037
111400,557,-227.36727999857732,200,1250.397
111600,558,-1.943803237532012,200,1252.601
111800,559,-119.41998736526722,200,1254.808
112000,560,-122.18091859569107,200,1256.968
112200,561,-121.12827864496523,200,1259.074
112400,562,-124.74461803917016,200,1261.218
112600,563,-114.70991794622272,200,1263.48
112800,564,-222.41896418198826,200,1265.768
113000,565,-119.33385475489368,200,1267.934
113200,566,-2.79181232662679,200,1270.149
113400,567,-125.08609680243171,200,1272.409
113600,568,-117.01131124956937,200,1274.404
113800,569,-118.49207965065037,200,1276.619
114000,570,-0.8678530913446405,200,1278.7
114200,571,-125.21808944064412,200,1280.807
114400,572,-117.70763417853158,200,1282.813
114600,573,-0.8624796569764318,200,1284.958
114800,574,-127.24392134358439,200,1287.023
115000,575,-0.5300259022960526,200,1289.048
115200,576,-114.06081678402224,200,1291.045
115400,577,-128.86072206390233,200,1293.067
115600,578,-126.56304911714989,200,1295.08
115800,579,-123.683101753793,200,1297.085
116000,580,-235.0422899741765,200,1299.226
116200,581,-130.44430425213625,200,1301.401
116400,582,-232.06341914664551,200,1303.34
116600,583,-0.39682256950379224,200,1305.287
116800,584,-246.24990698839125,200,1307.178
117000,585,-123.21481319594216,200,1309.256
117200,586,-121.42376751129508,200,1311.453
117400,587,-241.76695975215503,200,1313.388
117600,588,-129.65313916351357,200,1315.317
117800,589,-221.2757727991419,200,1317.29
118000,590,-366.36189891373095,200,1319.313
118200,591,-0.7807275100449146,200,1321.412
118400,592,-123.76286309037107,200,1323.642
118600,593,-229.6794901704628,200,1325.783
118800,594,-115.34173335345875,200,1327.868
119000,595,-127.58665233110261,200,1329.755
119200,596,-129.90200839114357,200,1331.753
119400,597,-130.6248966345527,200,1333.832
119600,598,-256.0392258024253,200,1335.904
119800,599,-237.17484913503,200,1338.101
120000,600,-126.56350275316218,200,1340.015
120200,601,-128.17129231429158,200,1341.881
120400,602,-251.57380759809126,200,1343.864
120600,603,-237.35331777283557,200,1345.851
120800,604,-128.04576525464793,200,1347.845
121000,605,-244.1219469290901,200,1350.159
121200,606,-0.9065197180688874,200,1352.452
121400,607,-114.38317918198177,200,1354.715
121600,608,-251.74736636427065,200,1357.108
121800,609,-121.5288702406731,200,1359.308
122000,610,-383.22430404013943,200,1361.639
122200,611,-122.01200133263238,200,1363.979
122400,612,-117.31521888606689,200,1366.355
122600,613,-126.69841902960252,200,1368.722
122800,614,-128.4533653074252,200,1371.08
123000,615,-226.7763402856947,200,1373.423
123200,616,-1.1292289621761677,200,1375.745
123400,617,-1.4310399642765352,200,1378.209
123600,618,-246.72054397875758,200,1380.189
123800,619,-129.68405739758154,200,1382.331
124000,620,-119.09319985507587,200,1384.237
124200,621,-124.07161322198978,200,1386.389
124400,622,-126.96143461389251,200,1388.51
124600,623,-260.1871438950505,200,1390.587
124800,624,-1.057516433211839,200,1392.443
125000,625,-114.44946195320233,200,1394.276
125200,626,-235.89708391369368,200,1396.177
125400,627,-1.0241460496160117,200,1398.136
125600,628,-121.31986024818848,200,1400.192
125800,629,-0.9150685150977901,200,1402.266
126000,630,-234.82979654426276,200,1404.252
126200,631,-2.580299223574405,200,1406.282
126400,632,-1.6831202982839613,200,1408.662
126600,633,-119.55427426546552,200,1410.978
126800,634,-123.95430968147149,200,1413.523
127000,635,-126.40149377383287,200,1415.881
127200,636,-118.53159092652578,200,1418.182
127400,637,-229.1126433177232,200,1420.437
127600,638,-120.84565707046129,200,1422.874
127800,639,-129.03647504169842,200,1425.072
128000,640,-122.7341802952616,200,1427.226
128200,641,-125.73514810801962,200,1429.401
128400,642,-120.60153649045176,200,1431.67
128600,643,-114.35937590670648,200,1433.909
128800,644,-125.1790970725714,200,1436.291
129000,645,-117.2980910285388,200,1438.758
129200,646,-225.05827266021763,200,1440.995
129400,647,-126.88331437343092,200,1443.073
129600,648,-126.02633034109982,200,1445.181
129800,649,-120.00951883360548,200,1448.884
130000,650,-229.1932164508819,200,1451.017
130200,651,-126.73822804680479,200,1452.904
130400,652,-118.49637276912722,200,1454.972
130600,653,-224.941599559531,200,1457.042
130800,654,-2.4519174956916348,200,1459.163
131000,655,-115.37118440886923,200,1461.296
131200,656,-123.54137451173303,200,1463.237
131400,657,-242.45024656801695,200,1465.311
131600,658,-232.11273401962512,200,1467.376
131800,659,-225.88343271799909,200,1469.563
132000,660,-125.04714991471772,200,1471.639
132200,661,-125.44101454280124,200,1473.633
132400,662,-122.67095616125839,200,1475.646
132600,663,-0.7086482160887634,200,1477.687
132800,664,-126.58908126581991,200,1479.669
133000,665,-122.97009287570809,200,1481.617
133200,666,-115.98601645286124,200,1483.615
133400,667,-1.382833514159082,200,1485.59
133600,668,-125.86645239099325,200,1487.508
133800,669,-129.1812388905274,200,1489.601
134000,670,-121.56296661592982,200,1491.809
134200,671,-236.4263030618252,200,1493.864
134400,672,-121.10342122923417,200,1495.869
134600,673,-1.2111668866985636,200,1497.938
134800,674,-225.5915811269703,200,1500.07
135000,675,-125.45239675504207,200,1502.063
135200,676,-116.44520022608872,200,1504.089
135400,677,-0.7259844747680005,200,1506.225
135600,678,-122.77522077602588,200,1508.31
135800,679,-125.62707605265766,200,1510.499
136000,680,-125.84116855179069,200,1512.536
136200,681,-233.1929074392597,200,1514.644
136400,682,-116.5939882525471,200,1516.767
136600,683,-122.95276999041421,200,1518.853
136800,684,-115.6332542800734,200,1521.179
137000,685,-251.99455120362035,200,1523.225
137200,686,-125.2680304932065,200,1525.199
137400,687,-125.59451630445905,200,1527.415
137600,688,-121.96018630249982,200,1529.738
137800,689,-117.49981414586956,200,1531.922
138000,690,-127.04199374364234,200,1534.245
138200,691,-233.064052940954,200,1536.501
138400,692,-126.61124679716623,200,1538.365
138600,693,-126.00655713586231,200,1540.279
138800,694,-225.16123365305677,200,1542.33
139000,695,-120.49313169212294,200,1544.508
139200,696,-125.81499056308438,200,1546.432
139400,697,-231.13256694259786,200,1548.335
139600,698,-2.118263963128122,200,1550.513
139800,699,-253.95108994080434,200,1552.438
140000,700,-122.36740956511382,200,1554.288
140200,701,-0.7006325552817414,200,1556.163
140400,702,-122.86139981532774,200,1558.541
140600,703,-117.85917907932613,200,1560.898
140800,704,-225.05687575619598,200,1563.183
141000,705,-125.22381771999515,200,1565.472
141200,706,-1.0474785653575318,200,1567.466
141400,707,-229.19093477962565,200,1569.703
141600,708,-124.51710797618772,200,1571.954
141800,709,-238.5676198401955,200,1574.407
142000,710,-3.318133792219407,200,1577.436
142200,711,-254.87219967116746,200,1579.775
142400,712,-124.08221660848167,200,1582.021
142600,713,-237.36839049050593,200,1584.253
142800,714,-130.4720068925358,200,1586.483
143000,715,-2.595232867562077,200,1588.737
143200,716,-241.1498785808863,200,1591.133
143400,717,-242.45714644476985,200,1593.375
143600,718,-249.42260095554974,200,1595.68
143800,719,-122.99643198028328,200,1598.0
144000,720,-1.4773945893914575,200,1600.253
144200,721,-250.68125757811117,200,1602.471
144400,722,-117.58387589475203,200,1604.798
144600,723,-121.57941437094115,200,1607.134
144800,724,-118.02951728910045,200,1609.353
145000,725,-317.9717901342617,200,1611.567
145200,726,-235.88055724921176,200,1613.876
145400,727,-127.00655457596159,200,1616.211
145600,728,-128.05145240020585,200,1618.424
145800,729,-233.74601656062057,200,1620.346
146000,730,-228.02652415926394,200,1622.513
146200,731,-1.1562692808683683,200,1624.592
146400,732,-113.90623187084456,200,1626.502
146600,733,-128.16715895652712,200,1628.353
146800,734,-126.82092314423217,200,1631.62
147000,735,-242.66058651088082,200,1633.738
147200,736,-126.17953502672978,200,1635.615
147400,737,-1.7893911883733218,200,1637.497
147600,738,-118.5394005420398,200,1639.505
147800,739,-119.25691505554842,200,1641.415
148000,740,-117.09501869683076,200,1643.333
148200,741,-242.27462151570433,200,1645.598
148400,742,-127.11759758335816,200,1647.655
148600,743,-115.56780132618105,200,1649.87
148800,744,-116.91675036295726,200,1652.045
149000,745,-118.95966697819063,200,1654.234
149200,746,-1.813295401902414,200,1656.41
149400,747,-226.0338246965208,200,1658.639
149600,748,-127.88949946689742,200,1660.715
149800,749,-227.21694037525205,200,1662.947
150000,750,-235.6384763256259,200,1665.136
150200,751,-125.5123158707037,200,1667.418
150400,752,-1.2400697472652324,200,1669.561
150600,753,-123.45072631105515,200,1671.728
150800,754,-225.15295095198402,200,1674.023
151000,755,-229.58878881571033,200,1676.293
151200,756,-242.93837266995772,200,1678.553
151400,757,-130.6153283543578,200,1680.606
151600,758,-362.9794415373019,200,1682.522
151800,759,-224.89801077294604,200,1684.713
152000,760,-115.40840199604953,200,1686.887
152200,761,-240.0627535795659,200,1689.055
152400,762,-241.76685149763654,200,1691.179
152600,763,-126.47421554710648,200,1693.051
152800,764,-345.3990347370076,200,1694.945
153000,765,-124.99435371614501,200,1696.939
153200,766,-121.46997891977092,200,1698.921
153400,767,-2.2752446797172343,200,1700.966
153600,768,-232.3561425309831,200,1703.018
153800,769,-1.9598533565384988,200,1705.075
154000,770,-236.77944517268858,200,1707.168
154200,771,-124.48624207119181,200,1709.293
154400,772,-117.17812909887287,200,1711.468
154600,773,-122.62051742940942,200,1713.478
154800,774,-128.71092980777286,200,1715.49
155000,775,-126.94969780368511,200,1717.538
155200,776,-378.8137813464311,200,1719.507
155400,777,-114.83360623136706,200,1721.541
155600,778,-125.02836249025326,200,1723.499
155800,779,-125.57778573480661,200,1725.486
156000,780,-125.34082964429012,200,1727.567
156200,781,-123.50509330096685,200,1729.652
156400,782,-126.55433054302627,200,1731.692
156600,783,-226.6975993378415,200,1733.592
156800,784,-123.16362548854148,200,1735.753
157000,785,-116.56314415634965,200,1737.901
157200,786,-236.35894185780822,200,1740.185
157400,787,-118.64823078132964,200,1742.488
157600,788,-321.17222314428466,200,1744.482
157800,789,-122.50091630635133,200,1746.368
158000,790,-226.454988044064,200,1748.358
158200,791,-1.1195027901499806,200,1750.424
158400,792,-229.416257024127,200,1752.407
158600,793,-116.81492825722744,200,1754.584
158800,794,-123.33136025946948,200,1756.695
159000,795,-125.29983692850315,200,1758.649
159200,796,-122.86205651169682,200,1760.602
159400,797,-125.30728425801257,200,1762.596
159600,798,-238.61687672254186,200,1764.678
159800,799,-228.66306501451854,200,1766.782
160000,800,-5.965385792363315,200,1768.868
160200,801,-235.96478863953135,200,1771.049
160400,802,-1.7747528407522175,200,1773.076
160600,803,-237.71026466415142,200,1775.196
160800,804,-130.79978242635008,200,1777.246
161000,805,-114.82617814459708,200,1779.378
161200,806,-127.99948120775932,200,1781.562
161400,807,-1.0178682582616736,200,1783.743
161600,808,-237.6874314308164,200,1785.762
161800,809,-117.6949378266454,200,1787.764
162000,810,-117.36754531535098,200,1789.647
162200,811,-229.07940241461512,200,1791.511
162400,812,-237.6024649191115,200,1793.399
162600,813,-246.01178326139197,200,1795.286
162800,814,-232.74103309164713,200,1797.158
163000,815,-117.31903368438756,200,1799.162
163200,816,-127.76944720295005,200,1801.074
163400,817,-125.34845096690023,200,1803.033
163600,818,-118.08839520573713,200,1805.158
163800,819,-119.75324340397336,200,1807.154
164000,820,-0.8875267060062442,200,1809.21
164200,821,-120.34822428786285,200,1811.343
164400,822,-121.54668864822186,200,1815.441
164600,823,-119.40446767003124,200,1817.639
164800,824,-127.02302506447103,200,1819.761
165000,825,-129.1368126371313,200,1821.948
165200,826,-122.78773785839134,200,1824.066
165400,827,-120.53069060539958,200,1826.107
165600,828,-251.91159140837757,200,1828.242
165800,829,-238.10163431013305,200,1830.576
166000,830,-119.0406927435395,200,1832.775
166200,831,-2.0818942108337297,200,1835.028
166400,832,-121.92174982007268,200,1837.38
166600,833,-250.06216610160027,200,1839.674
166800,834,-245.05496416207146,200,1842.041
167000,835,-118.70738955075473,200,1846.004
167200,836,-126.34557998727132,200,1850.228
167400,837,-126.527443472499,200,1854.462
167600,838,-1.8928485896954796,200,1858.471
167800,839,-231.45697382264697,200,1862.196
168000,840,-115.88435274942931,200,1866.106
168200,841,-123.48190546236914,200,1869.959
168400,842,-131.41813032665726,200,1872.793
168600,843,-0.7515215001321627,200,1874.876
168800,844,-0.935355497817703,200,1877.03
169000,845,-126.29162382203894,200,1879.117
169200,846,-228.44651037364824,200,1881.187
169400,847,-130.60465076644417,200,1883.337
169600,848,-122.19996792287914,200,1885.435
169800,849,-117.37238676772462,200,1887.623
170000,850,-234.99779490230097,200,1889.897
170200,851,-119.43089210480753,200,1892.095
170400,852,-120.86213701683016,200,1894.32
170600,853,-121.24741364835367,200,1896.622
170800,854,-238.6209133768012,200,1898.934
171000,855,-118.26058828680338,200,1901.218
171200,856,-118.01842892150731,200,1903.41
171400,857,-113.2897600139991,200,1905.598
171600,858,-127.78306894404209,200,1907.75
171800,859,-119.70572303280011,200,1909.977
172000,860,-235.0905900987694,200,1912.227
172200,861,-0.6955626151574773,200,1914.402
172400,862,-118.38499738870075,200,1916.588
172600,863,-129.58841231180986,200,1918.764
172800,864,-127.58984355959306,200,1920.902
173000,865,-6.361543682206068,200,1923.181
173200,866,-128.0016485645014,200,1925.463
173400,867,-233.96012027753875,200,1927.747
173600,868,-123.60903157477814,200,1930.026
173800,869,-0.4509633175351473,200,1932.331
174000,870,-2.878306379189796,200,1934.648
174200,871,-125.5033270003869,200,1936.867
174400,872,-125.85623997158523,200,1938.814
174600,873,-118.55506851203785,200,1940.668
174800,874,-126.03430613231487,200,1942.586
175000,875,-126.42678918757031,200,1944.486
175200,876,-116.96126816124841,200,1946.487
175400,877,-125.49690719456086,200,1948.518
175600,878,-122.03307665334349,200,1950.576
175800,879,-124.16648541112419,200,1952.619
176000,880,-126.6369813095008,200,1954.676
176200,881,-123.51256860112507,200,1956.642
176400,882,-119.57784567690453,200,1958.753
176600,883,-3.8962259747166987,200,1960.73
176800,884,-114.459091310494,200,1962.622
177000,885,-117.25977950814769,200,1964.785
177200,886,-1.5799076872913553,200,1966.825
177400,887,-122.82755312546229,200,1968.836
177600,888,-0.8680781300812507,200,1970.908
177800,889,-245.12211938829017,200,1972.871
178000,890,-120.74721919041222,200,1974.996
178200,891,-236.18256125122835,200,1977.069
178400,892,-119.74128581057167,200,1978.981
178600,893,-128.63941482986473,200,1980.993
178800,894,-127.03290483768593,200,1983.057
179000,895,-251.52345031675353,200,1985.129
179200,896,-1.4683335940001725,200,1987.179
179400,897,-117.16336351232934,200,1989.175
179600,898,-232.88326205112884,200,1991.171
179800,899,-0.4794876877094001,200,1993.263
180000,900,-243.8735137581403,200,1995.946
180200,901,-353.1247008271557,200,1999.034
180400,902,-117.7376157670156,200,2002.035
180600,903,-124.4224734068458,200,2005.517
180800,904,-2.6915607099094117,200,2009.114
181000,905,-344.14656858332995,200,2012.371
181200,906,-241.88105638217488,200,2016.225
181400,907,-125.76031220959521,200,2019.918
181600,908,-117.45367679513477,200,2023.169
181800,909,-122.61357816472267,200,2026.712
182000,910,-347.6945380460675,200,2029.911
182200,911,-124.64246091372375,200,2033.396
182400,912,-238.053512062927,200,2036.139
182600,913,-116.29091654184079,200,2038.227
182800,914,-113.13673120395018,200,2040.742
183000,915,-1.194538430316896,200,2043.093
183200,916,-119.96780976527363,200,2045.59
183400,917,-121.31819468020905,200,2048.234
183600,918,-123.94170354207687,200,2052.74
183800,919,-234.04280651010495,200,2056.147
184000,920,-128.37426482032865,200,2059.356
184200,921,-114.2795612864786,200,2062.782
184400,922,-249.99114153850917,200,2066.054
184600,923,-123.32711367582486,200,2069.947
184800,924,-122.67632499555118,200,2073.781
185000,925,-236.0055656836632,200,2077.067
185200,926,-232.55905119392125,200,2080.66
185400,927,-127.47392704949434,200,2083.161
185600,928,-125.62507725465902,200,2085.572
185800,929,-122.32441386290026,200,2087.91
186000,930,-125.40401092771498,200,2090.178
186200,931,-118.8759379413291,200,2092.545
186400,932,-249.1225061221687,200,2094.931
186600,933,-123.3010107288594,200,2097.462
186800,934,-237.05577671865146,200,2099.58
187000,935,-237.67883975345197,200,2101.751
187200,936,-127.02030187676424,200,2103.9
187400,937,-113.4124232693112,200,2106.036
187600,938,-125.61726196364144,200,2107.96
187800,939,-1.0458033014376178,200,2109.854
188000,940,-123.410040624582,200,2111.777
188200,941,-0.46672041844714923,200,2113.648
188400,942,-237.01205901280306,200,2115.87
188600,943,-126.60021968733191,200,2118.109
188800,944,-235.1671948303907,200,2120.085
189000,945,-117.24172181042722,200,2121.982
189200,946,-0.3825252980046056,200,2123.833
189400,947,-0.9180021215917328,200,2125.755
189600,948,-240.03222328170187,200,2127.674
189800,949,-126.6908625388276,200,2129.75
190000,950,-121.29644692897392,200,2131.917
190200,951,-123.59968771535061,200,2134.295
190400,952,-242.8818245897085,200,2136.451
190600,953,-125.91401528511771,200,2138.706
190800,954,-122.9401235090512,200,2140.754
191000,955,-226.63303646625633,200,2142.762
191200,956,-231.7919399745307,200,2144.759
191400,957,-122.82687363468682,200,2146.79
191600,958,-117.72416372395767,200,2148.844
191800,959,-126.8930011150866,200,2151.033
192000,960,-228.58273723127115,200,2153.166
192200,961,-0.36377012927919206,200,2155.379
192400,962,-128.26353377312182,200,2157.565
192600,963,-125.82463808590616,200,2159.411
192800,964,-119.99927669743543,200,2161.284
193000,965,-116.48530123930196,200,2163.165
193200,966,-0.727398735416754,200,2165.03
193400,967,-241.88495034009597,200,2166.99
193600,968,-247.72450728849122,200,2169.37
193800,969,-121.15330703900182,200,2171.392
194000,970,-115.41144108204783,200,2173.263
194200,971,-114.96737456942145,200,2175.105
194400,972,-123.59662370634418,200,2176.94
194600,973,-130.21505593183988,200,2179.922
194800,974,-120.75530512370716,200,2182.161
195000,975,-252.85175714944876,200,2184.024
195200,976,-124.51022544866625,200,2185.892
195400,977,-0.9404820756141973,200,2187.752
195600,978,-1.17437352638954,200,2189.823
195800,979,-1.9704798434256912,200,2191.871
196000,980,-242.78514922393023,200,2193.911
196200,981,-115.57866749504716,200,2195.824
196400,982,-119.24694132326631,200,2197.877
196600,983,-230.31384108922322,200,2199.987
196800,984,-117.06618910203333,200,2201.956
197000,985,-119.0006580254823,200,2203.88
197200,986,-0.26960340265158084,200,2205.905
197400,987,-7.218418720670478,200,2207.961
197600,988,-0.5853681390349785,200,2209.913
197800,989,-251.86600008608997,200,2212.111
198000,990,-225.62709843857868,200,2214.187
198200,991,-0.4278815857025095,200,2216.296
198400,992,-0.2055014590387072,200,2218.367
198600,993,-237.2254176396435,200,2220.463
198800,994,-126.51625825254095,200,2222.605
199000,995,-235.90956547579765,200,2224.574
199200,996,-121.31982458198212,200,2226.708
199400,997,-116.94243306861713,200,2228.9
199600,998,-0.6312838905452732,200,2231.005
199800,999,-120.15607234454559,200,2232.943
200000,1000,-117.96880212107797,200,2234.889
